source,native,name,p_value,significant,description,term_size,query_size,intersection_size,effective_domain_size,precision,recall,query,parents
REAC,REAC:R-SSC-9012999,RHO GTPase cycle,3.871394652483731e-07,True,RHO GTPase cycle,339,6436,335,7006,0.052050963331261656,0.9882005899705014,query_1,['REAC:R-SSC-194315']
REAC,REAC:R-SSC-1430728,Metabolism,1.5322916990711416e-06,True,Metabolism,1379,6436,1314,7006,0.20416407706650094,0.9528643944887599,query_1,['REAC:0000000']
REAC,REAC:R-SSC-199991,Membrane Trafficking,0.000244881291015139,True,Membrane Trafficking,454,6436,440,7006,0.06836544437538844,0.9691629955947136,query_1,['REAC:R-SSC-5653656']
REAC,REAC:R-SSC-556833,Metabolism of lipids,0.002655242097306535,True,Metabolism of lipids,447,6436,431,7006,0.06696706028589186,0.9642058165548099,query_1,['REAC:R-SSC-1430728']
REAC,REAC:R-SSC-9675108,Nervous system development,0.0045227108566217745,True,Nervous system development,166,6436,164,7006,0.0254816656308266,0.9879518072289156,query_1,['REAC:R-SSC-1266738']
REAC,REAC:R-SSC-422475,Axon guidance,0.004876842378716472,True,Axon guidance,165,6436,163,7006,0.025326289620882535,0.9878787878787879,query_1,['REAC:R-SSC-9675108']
REAC,REAC:R-SSC-9013149,RAC1 GTPase cycle,0.006827430966679117,True,RAC1 GTPase cycle,135,6436,134,7006,0.020820385332504663,0.9925925925925926,query_1,['REAC:R-SSC-9012999']
REAC,REAC:R-SSC-9006934,Signaling by Receptor Tyrosine Kinases,0.034603560042239676,True,Signaling by Receptor Tyrosine Kinases,312,6436,301,7006,0.046768178993163455,0.9647435897435898,query_1,['REAC:R-SSC-162582']
