Gene Set,Wilcoxon Statistic,P-value,Rank,Adjusted P-value
2,-48.94875885518591,0.0,1,0.0
1,84.2872243292082,0.0,2,0.0
0,-60.489971744634694,0.0,3,0.0
